,City,Latitude,Longitude,Max Tempature,Humidity,Cloudiness,Wind Speed,Country,Date
0,Cape Town,-33.9258,18.4232,18.33,72,0,4.12,ZA,1611540680
1,Laas,46.6166,10.7002,-6.67,72,75,2.57,IT,1611540944
2,Merauke,-8.4667,140.3333,29.68,70,97,6.19,ID,1611540945
3,Kapaa,22.0752,-159.319,26.0,78,1,7.2,US,1611540793
4,Bredasdorp,-34.5322,20.0403,18.0,72,24,5.14,ZA,1611540819
5,Hobart,-42.8794,147.3294,35.56,20,0,7.72,AU,1611540608
6,Ushuaia,-54.8,-68.3,9.0,76,75,9.77,AR,1611540623
7,Flin Flon,54.7682,-101.865,-31.5,86,0,2.18,CA,1611540951
8,Kinsale,51.7075,-8.5306,0.0,86,20,3.6,IE,1611540952
9,Albany,42.6001,-73.9662,-8.33,50,57,0.45,US,1611540874
10,Arraial do Cabo,-22.9661,-42.0278,24.03,86,50,8.02,BR,1611540851
11,Ngunguru,-35.6167,174.5,29.44,51,0,5.36,NZ,1611540955
12,Enid,36.3956,-97.8784,4.0,93,90,4.12,US,1611540803
13,Castro,-24.7911,-50.0119,17.13,94,100,1.75,BR,1611540817
14,Busselton,-33.65,115.3333,22.21,51,16,1.25,AU,1611540881
15,Tilichiki,60.4667,166.1,-21.21,90,100,7.27,RU,1611540820
16,Port Alfred,-33.5906,26.891,17.22,92,93,6.42,ZA,1611540822
17,Hilo,19.7297,-155.09,27.0,57,90,3.09,US,1611540610
18,Vaini,-21.2,-175.2,28.0,83,75,4.12,TO,1611540864
19,Tasiilaq,65.6145,-37.6368,-9.0,67,75,10.29,GL,1611540896
20,Mahébourg,-20.4081,57.7,23.0,94,40,2.57,MU,1611540962
21,Mareeba,-17.0,145.4333,31.67,55,100,4.63,AU,1611540967
22,Dikson,73.5069,80.5464,-27.71,88,100,5.98,RU,1611540837
23,Kortkeros,61.8106,51.5806,-4.0,100,90,4.0,RU,1611540969
24,Yellowknife,62.456,-114.3525,-27.22,76,20,4.63,CA,1611540850
25,Thompson,55.7435,-97.8558,-24.0,77,90,3.6,CA,1611540909
26,George Town,5.4112,100.3354,28.0,74,20,3.6,MY,1611540973
27,Hirara,24.8,125.2833,23.0,46,20,2.57,JP,1611540974
28,Tuatapere,-46.1333,167.6833,16.11,84,88,9.39,NZ,1611540975
29,Punta Arenas,-53.15,-70.9167,8.0,66,0,9.26,CL,1611540899
30,Concordia,-31.393,-58.0209,29.44,46,0,1.79,AR,1611540869
31,Muros,42.7762,-9.0603,15.0,94,100,3.58,ES,1611540979
32,Hermanus,-34.4187,19.2345,18.33,77,6,4.47,ZA,1611540830
33,Katsuura,35.1333,140.3,12.22,71,75,3.6,JP,1611540735
34,Mount Isa,-20.7333,139.5,35.0,28,40,3.09,AU,1611540806
35,Vardø,70.3705,31.1107,-7.0,93,75,6.69,NO,1611540983
36,Avilés,43.5547,-5.9248,11.11,93,75,1.54,ES,1611540984
37,Lavrentiya,65.5833,-171.0,-15.58,93,100,0.57,RU,1611540731
38,Port Blair,11.6667,92.75,24.91,64,0,4.7,IN,1611540722
39,Hong Kong,22.2855,114.1577,19.44,72,29,0.89,HK,1611540784
40,Rikitea,-23.1203,-134.9692,26.82,70,45,4.31,PF,1611540859
41,Mataura,-46.1927,168.8643,16.11,83,100,8.49,NZ,1611540803
42,Hwange,-18.3693,26.5019,19.72,94,100,0.49,ZW,1611540991
43,Winnemucca,40.973,-117.7357,-3.0,80,40,6.17,US,1611540992
44,Lincoln,40.8,-96.667,-2.22,80,90,3.09,US,1611540994
45,Tataouine,32.9297,10.4518,14.0,38,100,3.09,TN,1611540995
46,Priozyornoye,45.2698,36.3303,9.03,82,1,6.59,UA,1611540996
47,Bariloche,-41.1456,-71.3082,15.0,38,0,7.72,AR,1611540997
48,Mar del Plata,-38.0023,-57.5575,23.33,94,20,5.14,AR,1611540998
49,East London,-33.0153,27.9116,20.28,67,100,5.32,ZA,1611540999
50,Malé,4.1748,73.5089,28.0,78,20,6.17,MV,1611540760
51,Ribeira Grande,38.5167,-28.7,17.87,91,100,11.9,PT,1611541001
52,Rawson,-43.3002,-65.1023,23.42,63,0,3.06,AR,1611541003
53,Nikolskoye,59.7035,30.7861,1.11,93,75,3.0,RU,1611540911
54,Klaksvík,62.2266,-6.589,1.0,75,100,7.72,FO,1611540922
55,Cockburn Town,21.4612,-71.1419,24.0,73,75,4.12,TC,1611541006
56,Avera,33.194,-82.5271,13.0,82,90,1.54,US,1611541007
57,São João da Barra,-21.6403,-41.0511,24.3,87,3,4.68,BR,1611541008
58,Pisco,-13.7,-76.2167,22.0,73,0,8.23,PE,1611541009
59,Nishihara,26.1842,127.7558,22.0,68,20,4.12,JP,1611540900
60,Sitka,57.0531,-135.33,1.0,100,20,0.82,US,1611541012
61,Mount Gambier,-37.8333,140.7667,24.0,60,90,5.66,AU,1611541013
62,Saint Paul Harbor,57.79,-152.4072,3.0,44,1,5.66,US,1611541014
63,Anadyr,64.75,177.4833,-27.0,76,0,3.0,RU,1611541015
64,Coahuayana Viejo,18.7333,-103.6833,23.0,78,20,3.09,MX,1611541016
65,Elizabethton,36.3487,-82.2107,7.0,57,90,0.49,US,1611541018
66,Buraidah,26.326,43.975,9.0,49,0,2.06,SA,1611540742
67,San-Pédro,4.7485,-6.6363,24.94,91,1,2.51,CI,1611541020
68,Longyearbyen,78.2186,15.6401,-8.0,62,0,7.2,SJ,1611540926
69,Kaitangata,-46.2817,169.8464,18.89,63,79,6.26,NZ,1611541022
70,Pevek,69.7008,170.3133,-28.85,88,91,3.31,RU,1611541023
71,Chapais,49.7834,-74.8492,-16.0,85,90,2.57,CA,1611541024
72,Bengkulu,-3.8004,102.2655,28.59,65,18,1.67,ID,1611541025
73,Atuona,-9.8,-139.0333,25.86,75,4,6.37,PF,1611540817
74,Lagoa,39.05,-27.9833,17.11,93,100,10.33,PT,1611541028
75,Bluff,-46.6,168.3333,16.11,83,100,8.49,NZ,1611540808
76,Ilulissat,69.2167,-51.1,-11.0,44,0,2.06,GL,1611541030
77,Sagamu,6.8432,3.6478,26.0,94,1,0.35,NG,1611541031
78,Norman Wells,65.282,-126.8329,-25.0,84,90,1.54,CA,1611540868
79,Tiksi,71.6872,128.8694,-43.48,78,55,3.79,RU,1611541033
80,Altay,47.8667,88.1167,-19.54,85,82,1.17,CN,1611541035
81,Port Hedland,-20.3167,118.5667,36.0,21,89,4.63,AU,1611541036
82,Hithadhoo,-0.6,73.0833,27.61,73,100,2.39,MV,1611541037
83,Korba,22.35,82.6833,16.17,44,0,1.68,IN,1611541038
84,Lebu,-37.6167,-73.65,13.12,77,0,7.87,CL,1611540836
85,Nelson,-41.2833,173.2833,27.22,35,52,3.58,NZ,1611541040
86,Chara,56.9064,118.2631,-27.97,75,100,0.17,RU,1611541041
87,Broken Hill,-31.95,141.4333,36.0,19,40,7.2,AU,1611540911
88,Eureka,40.8021,-124.1637,6.11,86,100,2.24,US,1611541031
89,Seoul,37.5683,126.9778,5.0,81,0,1.54,KR,1611540503
90,Chui,-33.6971,-53.4616,21.86,94,0,2.99,UY,1611541046
91,Erenhot,43.6475,111.9767,-6.86,90,100,8.81,CN,1611541047
92,Faanui,-16.4833,-151.75,27.67,72,0,6.21,PF,1611540806
93,Babu,24.4167,111.5167,20.29,61,59,1.88,CN,1611541049
94,Los Llanos de Aridane,28.6585,-17.9182,17.0,82,0,3.09,ES,1611541050
95,Phimai,15.2232,102.4947,26.11,100,0,1.54,TH,1611541052
96,Khatanga,71.9667,102.5,-27.68,88,100,4.61,RU,1611540828
97,Laguna,38.421,-121.4238,9.0,87,90,3.09,US,1611541054
98,Port Elizabeth,-33.918,25.5701,18.0,88,90,5.66,ZA,1611540858
99,Biak,-0.9131,122.8766,26.84,70,100,1.42,ID,1611541058
100,Grand Island,40.925,-98.342,-3.0,80,90,5.66,US,1611541060
101,Lusaka,-15.4067,28.2871,17.28,99,100,2.1,ZM,1611541060
102,Richards Bay,-28.783,32.0377,21.45,91,100,7.37,ZA,1611540843
103,Karratha,-20.7377,116.8463,33.89,26,88,4.25,AU,1611541063
104,Tateyama,34.9833,139.8667,12.22,71,20,7.72,JP,1611541064
105,Souillac,-20.5167,57.5167,23.0,94,40,2.57,MU,1611541065
106,Jamestown,42.097,-79.2353,-4.44,68,90,2.06,US,1611540802
107,Carnarvon,-24.8667,113.6333,27.0,54,40,7.2,AU,1611541067
108,Dingle,10.9995,122.6711,27.97,78,26,5.15,PH,1611541069
109,Avarua,-21.2078,-159.775,30.0,62,20,6.17,CK,1611540841
110,Leh,34.1667,77.5833,-15.79,72,80,0.66,IN,1611541071
111,Bilecik Province,40.0,30.1667,13.0,81,75,4.12,TR,1611541072
112,Bethel,41.3712,-73.414,-5.0,36,1,1.54,US,1611541073
113,Torbay,47.6666,-52.7314,-3.33,86,20,4.12,CA,1611540834
114,Bilibino,68.0546,166.4372,-34.49,81,87,0.71,RU,1611541075
115,Touros,-5.1989,-35.4608,24.0,94,40,2.06,BR,1611541077
116,Chulym,55.0997,80.9572,-42.09,80,71,2.69,RU,1611541078
117,Qaanaaq,77.484,-69.3632,-12.77,78,0,2.39,GL,1611541079
118,Kimbe,-5.5502,150.1429,30.9,56,100,2.57,PG,1611541080
119,New Norfolk,-42.7826,147.0587,35.0,26,97,1.79,AU,1611541081
120,San Ignacio,17.1561,-89.0714,23.33,88,0,2.06,BZ,1611541082
121,Whitehorse,60.7161,-135.0538,-10.0,85,90,3.09,CA,1611541041
122,Kavieng,-2.5744,150.7967,29.09,70,95,3.36,PG,1611541085
123,Tortolì,39.9256,9.6572,8.47,64,93,3.63,IT,1611541086
124,Puro,12.4841,123.3827,27.55,76,22,3.48,PH,1611541087
125,Malbork,54.0359,19.0266,0.56,100,100,4.17,PL,1611541088
126,Cuamba,-14.8031,36.5372,20.83,97,100,1.31,MZ,1611541089
127,Suixi,33.8907,116.7747,6.39,91,100,1.73,CN,1611541090
128,Itako,35.9333,140.55,11.11,62,40,6.17,JP,1611541091
129,Teguise,29.0605,-13.564,17.0,88,0,4.12,ES,1611541092
130,Kanturk,52.1667,-8.9,0.0,86,20,3.6,IE,1611541094
131,Les Cayes,18.2,-73.75,23.46,83,59,1.45,HT,1611541095
132,Yulara,-25.2406,130.9889,34.0,38,3,7.72,AU,1611541096
133,Wattegama,6.7989,81.4808,22.0,100,20,2.57,LK,1611541097
134,Samfya,-11.3649,29.5565,18.26,95,100,3.42,ZM,1611541098
135,Saint-François,46.4154,3.9054,3.0,87,20,3.09,FR,1611541099
136,Zhangaözen,43.3,52.8,-1.52,90,0,8.27,KZ,1611541101
137,Areia Branca,-4.9561,-37.1369,27.15,74,100,8.7,BR,1611540853
138,Polunochnoye,60.8697,60.4153,-25.46,90,100,1.23,RU,1611541103
139,Mopipi,-21.1833,24.8833,25.71,49,100,2.28,BW,1611541104
140,Ostrovnoy,68.0531,39.5131,-9.33,95,89,4.19,RU,1611541105
141,Khilok,51.3674,110.4676,-15.19,91,100,2.2,RU,1611541106
142,Mumbwa,-14.9783,27.0619,17.68,98,100,3.12,ZM,1611541107
143,Ishigaki,24.3448,124.1572,20.0,60,20,3.6,JP,1611541108
144,Gamba,-2.65,10.0,25.02,90,73,2.86,GA,1611540848
145,Redlands,34.0556,-117.1825,12.0,50,75,3.6,US,1611541111
146,Grand-Bourg,15.8835,-61.3148,22.0,88,0,2.06,GP,1611541112
147,Mezhdurechensk,53.6942,88.0603,-32.24,83,100,0.78,RU,1611541113
148,Ryōtsu-minato,38.0833,138.4333,7.0,81,40,2.06,JP,1611541114
149,Trat,12.5,102.5,29.44,83,40,0.76,TH,1611541115
150,Jalu,29.0331,21.5482,11.97,38,0,4.94,LY,1611541116
151,Katete,-0.7818,29.7544,15.59,91,100,1.2,UG,1611541117
152,Makkah al Mukarramah,21.4267,39.8261,21.25,58,0,1.49,SA,1611540578
153,Angicos,-5.6656,-36.6011,25.86,72,99,8.53,BR,1611541120
154,Pacific Grove,36.6177,-121.9166,9.44,93,90,1.54,US,1611540860
155,Pagsañgahan,13.2158,122.5431,27.25,78,0,1.74,PH,1611541122
156,Kvarkeno,52.0833,59.725,-0.07,97,98,6.14,RU,1611541123
157,Hofn,64.2539,-15.2082,-2.45,89,0,9.28,IS,1611541124
158,Ust-Nera,64.5667,143.2,-29.94,77,100,0.76,RU,1611541125
159,Turka,49.1541,23.0297,1.67,96,100,1.38,UA,1611541126
160,Poum,-20.2333,164.0167,27.75,76,97,8.08,NC,1611541128
161,Kargasok,59.0556,80.8572,-45.71,76,59,1.27,RU,1611541129
162,Lidzbark Warmiński,54.1259,20.5795,0.52,96,100,4.59,PL,1611541130
163,Kavaratti,10.5669,72.642,27.62,73,30,4.84,IN,1611541131
164,Guarapari,-20.6667,-40.4975,22.78,94,0,2.06,BR,1611541132
165,Butaritari,3.0707,172.7902,26.24,76,11,4.61,KI,1611540862
166,Kahului,20.8947,-156.47,29.0,48,20,9.26,US,1611540933
167,Kiryat Gat,31.61,34.7642,10.0,100,0,1.79,IL,1611541080
168,Yumen,40.2833,97.2,-8.04,86,0,1.38,CN,1611541137
169,Severnoye,56.3491,78.3619,-38.24,82,100,2.29,RU,1611541138
170,Sittwe,20.15,92.9,17.79,56,0,3.38,MM,1611541139
171,Tupik,54.4253,119.9327,-27.51,84,100,1.99,RU,1611541140
172,Lorengau,-2.0226,147.2712,29.88,62,98,2.77,PG,1611541141
173,Bambous Virieux,-20.3428,57.7575,23.89,94,40,2.57,MU,1611541142
174,Yuxia,34.0615,108.6291,7.22,56,90,4.0,CN,1611541143
175,Srednekolymsk,67.45,153.6833,-33.23,84,100,3.88,RU,1611541144
176,San Vicente,-26.6167,-54.1333,19.2,100,13,1.28,AR,1611541147
177,Barrow,71.2906,-156.7887,-21.0,77,1,5.14,US,1611540825
178,Sakaiminato,35.55,133.2333,11.0,58,75,7.2,JP,1611541149
179,Asău,46.4333,26.4,1.11,68,100,0.7,RO,1611541150
180,Bukama,-9.2,25.85,19.39,94,100,1.21,CD,1611541151
181,La Baule-Escoublac,47.2922,-2.364,6.0,70,0,5.14,FR,1611541152
182,Gazli,40.1333,63.45,-2.25,94,24,6.02,UZ,1611541153
183,Kumul,42.8,93.45,-7.28,83,100,1.53,CN,1611541155
184,Los Reyes Acaquilpan,19.35,-98.9667,19.0,32,75,3.09,MX,1611540928
185,Zhezkazgan,47.8043,67.7144,-19.85,87,77,1.44,KZ,1611541157
186,Tobol,52.6844,62.5794,0.28,96,98,5.91,KZ,1611541158
187,Pachino,36.7186,15.0907,8.0,76,22,2.06,IT,1611541159
188,Viedma,-40.8135,-62.9967,29.5,40,6,9.43,AR,1611541160
189,Shenjiamen,29.9576,122.298,11.29,81,56,5.79,CN,1611541161
190,Talaya,61.3833,152.75,-36.14,79,100,1.56,RU,1611541162
191,Namatanai,-3.6667,152.4333,29.93,65,21,2.48,PG,1611540831
192,Kuybyshevo,47.8123,38.9073,-0.15,97,100,4.39,RU,1611541165
193,Vila Velha,-20.3297,-40.2925,22.78,94,0,2.06,BR,1611541104
194,Narsaq,60.9167,-46.05,-3.0,31,0,12.86,GL,1611541167
195,Lompoc,34.6391,-120.4579,10.0,81,90,3.09,US,1611541049
196,Meulaboh,4.1363,96.1285,26.16,81,100,1.8,ID,1611541169
197,Palmas Bellas,9.2319,-80.0867,26.11,86,87,5.36,PA,1611541170
198,Tuktoyaktuk,69.4541,-133.0374,-20.0,77,90,7.2,CA,1611540889
199,Cape Canaveral,28.4058,-80.6048,21.67,78,40,3.09,US,1611541173
200,Puerto Ayora,-0.7393,-90.3518,25.0,93,37,0.89,EC,1611540850
201,Vytegra,61.0064,36.4481,1.57,93,100,3.12,RU,1611541149
202,Ballina,-28.8667,153.5667,29.0,61,40,7.2,AU,1611541176
203,Puri,19.8,85.85,22.0,83,40,2.66,IN,1611541177
204,Airai,-8.9266,125.4092,17.34,100,100,0.84,TL,1611541178
205,Taoudenni,22.6783,-3.9836,18.58,25,84,4.01,ML,1611541179
206,Belfast,54.5833,-5.9333,0.56,86,3,3.6,GB,1611541180
207,Codrington,-38.2667,141.9667,21.59,62,100,3.62,AU,1611540816
208,Amurzet,47.6967,131.0981,-17.56,81,0,2.47,RU,1611541183
209,Harper,4.375,-7.7169,25.34,89,7,3.61,LR,1611541184
210,Waingapu,-9.6567,120.2641,26.37,77,100,1.77,ID,1611541185
211,Urucará,-2.5364,-57.76,24.43,81,4,0.3,BR,1611541186
212,Siguiri,11.6667,-9.5,18.4,23,0,1.31,GN,1611541187
213,Luziânia,-16.2525,-47.9503,22.0,64,40,1.54,BR,1611541035
214,Cayenne,4.9333,-52.3333,25.0,88,75,4.54,GF,1611541190
215,Luanda,-8.8368,13.2343,25.0,83,20,2.06,AO,1611541191
216,Chokurdakh,70.6333,147.9167,-35.56,82,100,5.49,RU,1611540844
217,Zhigansk,66.7697,123.3711,-48.9,60,64,3.54,RU,1611541193
218,Santa Cruz Cabrália,-16.2781,-39.0247,25.0,83,75,4.12,BR,1611541194
219,Gavrilovka,49.9833,36.05,1.0,80,90,5.0,UA,1611541195
220,Iskateley,67.6803,53.1512,-18.95,92,100,4.65,RU,1611541196
221,Iralaya,15.0,-83.2333,25.19,83,1,4.37,HN,1611541198
222,Safi,32.2994,-9.2372,14.35,84,100,3.37,MA,1611541199
223,Mehamn,71.0357,27.8492,-5.35,96,100,9.1,NO,1611541200
224,Nauta,-4.5061,-73.5757,22.85,96,100,0.17,PE,1611541201
225,Kapuskasing,49.4169,-82.4331,-11.0,85,96,2.57,CA,1611541204
226,Saldanha,-33.0117,17.9442,15.0,72,0,2.57,ZA,1611541205
227,Upernavik,72.7868,-56.1549,-10.41,92,22,6.48,GL,1611541206
228,Tabou,4.423,-7.3528,25.23,89,1,2.94,CI,1611541207
229,Atar,20.5169,-13.0499,18.93,20,94,3.34,MR,1611541208
230,Alekseyevsk,57.8406,108.3492,-28.68,85,100,1.6,RU,1611541210
231,Clyde River,70.4692,-68.5914,-12.0,92,1,11.83,CA,1611541211
232,Oyama,36.3,139.8,11.11,53,20,3.6,JP,1611541212
233,Guerrero Negro,27.9769,-114.0611,14.56,62,0,6.05,MX,1611541213
234,Saint-Joseph,-21.3667,55.6167,25.0,78,0,1.54,RE,1611541214
235,Iberia,29.9502,-91.7507,20.0,100,75,4.63,US,1611541216
236,Fukuechō,32.6881,128.8419,13.0,54,0,7.2,JP,1611541217
237,Padang,-0.9492,100.3543,28.0,69,40,1.54,ID,1611541218
238,Waipawa,-41.4122,175.5153,24.0,50,0,9.77,NZ,1611541219
239,Cherskiy,68.75,161.3,-31.42,86,100,2.63,RU,1611540901
240,Nha Trang,12.25,109.1833,26.0,61,0,3.09,VN,1611541035
241,Bac Lieu,9.285,105.7244,26.53,70,74,5.24,VN,1611541148
242,Saint-Philippe,-21.3585,55.7679,25.0,78,0,1.54,RE,1611541224
243,Terra Rica,-22.7094,-52.6169,22.23,87,100,2.0,BR,1611541225
244,Adrar,20.5022,-10.0711,18.18,21,100,3.77,MR,1611541226
245,Zyryanka,65.75,150.85,-32.24,85,100,0.47,RU,1611541228
246,Ola,59.5833,151.2833,-24.51,81,100,5.43,RU,1611541229
247,Bluefield,37.2698,-81.2223,2.78,100,90,2.06,US,1611541230
248,Oxbow,49.2333,-102.1676,-21.11,82,100,4.47,CA,1611541231
249,Arucas,28.1198,-15.5233,17.0,82,0,4.12,ES,1611541049
250,Maceió,-9.6658,-35.7353,24.0,88,20,2.06,BR,1611541233
251,Chacabuco,-34.6417,-60.4739,25.56,67,0,1.79,AR,1611541136
252,Jiayuguan City,39.8167,98.3,-7.96,85,0,1.48,CN,1611541236
253,Kununurra,-15.7667,128.7333,27.0,100,100,3.6,AU,1611541237
254,Weyburn,49.6668,-103.8511,-20.0,84,100,4.63,CA,1611541238
255,Talnakh,69.4865,88.3972,-34.83,80,100,2.1,RU,1611541239
256,Henties Bay,-22.116,14.2845,21.11,90,98,3.28,NA,1611541240
257,Coyhaique,-45.5752,-72.0662,12.0,71,75,2.06,CL,1611541093
258,Balkhash,46.844,74.9804,-24.0,77,0,5.0,KZ,1611540815
259,Martapura,-3.4167,114.85,26.0,89,20,1.03,ID,1611541244
260,Mayya,61.7333,130.2811,-51.0,51,90,0.3,RU,1611541245
261,La Palma,33.8464,-118.0467,13.33,76,75,2.57,US,1611541246
262,Nantucket,41.2835,-70.0995,-2.22,46,1,9.77,US,1611540954
263,West Wendover,40.7391,-114.0733,-2.0,86,75,2.06,US,1611541249
264,Portland,45.5234,-122.6762,3.33,91,100,1.82,US,1611541058
265,Margate,51.3813,1.3862,3.33,79,100,0.89,GB,1611541251
266,Marsá Maţrūḩ,31.3525,27.2453,10.0,53,0,5.14,EG,1611541252
267,General Pico,-35.6566,-63.7568,30.6,34,0,5.62,AR,1611541253
268,Aklavik,68.2191,-135.0107,-26.0,76,100,1.54,CA,1611541254
269,Maningrida,-12.0667,134.2667,27.07,77,100,4.48,AU,1611541256
270,Kokkola,63.8385,23.1307,-2.22,100,90,4.12,FI,1611541257
271,Gizo Government Station,-8.103,156.8419,29.51,63,19,3.31,SB,1611541258
272,Honiara,-9.4333,159.95,30.36,58,99,3.68,SB,1611541248
273,Mogadishu,2.0371,45.3438,23.81,80,1,7.91,SO,1611541260
274,Altamira,-3.2033,-52.2064,22.57,96,94,1.28,BR,1611541261
275,Fountain,38.6822,-104.7008,-4.0,86,90,3.09,US,1611541262
276,Dolisie,-4.1997,12.6739,21.84,96,94,1.16,CG,1611541263
277,Bubaque,11.2833,-15.8333,25.76,59,34,3.33,GW,1611541265
278,Muyezerskiy,63.9333,31.65,1.37,98,100,2.2,RU,1611541266
279,Sawai Madhopur,25.9833,76.3667,6.28,62,0,0.93,IN,1611541267
280,Constitución,-35.3333,-72.4167,13.08,83,0,3.33,CL,1611541268
281,Diego de Almagro,-26.3667,-70.05,15.38,42,0,0.27,CL,1611541098
282,Geraldton,-28.7667,114.6,22.65,55,56,5.43,AU,1611540877
283,Khovd,48.0056,91.6419,-17.44,65,0,3.91,MN,1611541272
284,Kalmunai,7.4167,81.8167,24.31,75,90,3.32,LK,1611541273
285,Mossamedes,-15.1961,12.1522,23.1,77,20,1.13,AO,1611541274
286,Richmond,37.5538,-77.4603,3.33,75,90,1.54,US,1611541122
287,Machilipatnam,16.1667,81.1333,22.0,88,50,2.06,IN,1611541276
288,Matagami,49.7502,-77.6328,-23.0,84,75,0.54,CA,1611540827
289,Senador Guiomard,-10.1522,-67.7392,23.0,100,0,1.29,BR,1611541278
290,Novaya Bryan’,51.7159,108.2691,-12.0,61,40,4.0,RU,1611541280
291,Bintulu,3.1667,113.0333,28.0,89,40,1.54,MY,1611541281
292,Omboué,-1.5746,9.2618,24.75,88,35,2.01,GA,1611541282
293,Panjāb,34.388,67.0233,-15.57,56,0,1.18,AF,1611541283
294,Diofior,14.1833,-16.6667,18.0,63,0,6.17,SN,1611541284
295,Puerto Escondido,15.85,-97.0667,25.0,83,20,1.01,MX,1611540906
296,Nouakchott,18.0858,-15.9785,17.0,11,93,3.6,MR,1611541287
297,Katherine,-14.4667,132.2667,28.0,74,40,3.6,AU,1611541288
298,Kuytun,54.3419,101.5036,-17.57,94,100,1.38,RU,1611541289
299,Ancud,-41.8697,-73.8203,13.0,71,75,2.57,CL,1611541290
300,Rincon,32.296,-81.2354,13.0,71,75,2.06,US,1611541291
301,Ushibukamachi,32.1906,130.0228,12.99,64,0,3.63,JP,1611541293
302,Fare,-16.7,-151.0167,27.35,75,0,5.69,PF,1611541294
303,Jaqué,7.5175,-78.1703,26.17,82,61,3.09,PA,1611541295
304,Alofi,-19.0595,-169.9187,28.0,69,75,1.03,NU,1611541296
305,Cabo San Lucas,22.8909,-109.9124,19.44,67,40,4.63,MX,1611540884
306,Moreira,41.056,-8.3894,12.78,97,100,7.15,PT,1611541298
307,Vila,42.0304,-8.1588,11.67,95,100,7.15,PT,1611541300
308,Sibolga,1.7427,98.7792,27.35,73,100,1.01,ID,1611541301
309,Joensuu,62.6012,29.7632,1.11,100,90,3.09,FI,1611541302
310,Brae,60.3964,-1.353,3.0,81,75,4.63,GB,1611541303
311,Chihuahua,28.5,-106.0,16.0,20,1,9.26,MX,1611541304
312,Saint George,37.1041,-113.5841,7.22,49,1,2.57,US,1611541306
313,Santa Maria,-29.6842,-53.8069,21.0,94,0,2.06,BR,1611541307
314,Caravelas,-17.7125,-39.2481,24.14,86,59,2.27,BR,1611541308
315,Puerto Carreño,6.189,-67.4859,26.89,56,100,3.56,CO,1611541309
316,Mananjary,-21.2167,48.3333,24.2,87,94,2.35,MG,1611541091
317,Kāmyārān,34.7956,46.9355,-6.0,73,0,0.68,IR,1611541311
318,Wagar,16.1525,36.2032,18.42,90,0,4.7,SD,1611541312
319,Ketchikan,55.3422,-131.6461,0.0,93,20,1.16,US,1611541314
320,Kibala,9.1104,18.3463,20.0,49,0,2.34,TD,1611541315
321,Le Port,-20.9373,55.2919,24.0,78,75,2.06,RE,1611541138
322,Turbo,8.0937,-76.7269,25.98,88,91,4.61,CO,1611541317
323,Kruisfontein,-34.0033,24.7314,17.78,83,91,2.24,ZA,1611541030
324,Gimli,50.6336,-96.9907,-24.0,70,5,1.03,CA,1611541319
325,Dmitriyevka,54.75,55.3333,0.0,93,75,4.0,RU,1611541320
326,Cabinda,-5.55,12.2,25.77,86,100,3.47,AO,1611541322
327,Sankt Florian,48.2057,14.3784,0.0,74,75,3.6,AT,1611541323
328,Kolokani,13.5728,-8.0339,19.12,20,6,4.71,ML,1611541325
329,Chuguyevka,44.1653,133.8633,-3.54,91,0,0.13,RU,1611541326
330,São Filipe,14.8961,-24.4956,21.86,68,0,2.38,CV,1611541327
331,City of San Pedro,14.35,121.0167,30.0,70,75,3.6,PH,1611541328
332,Yakeshi,49.2833,120.7333,-16.74,85,100,9.36,CN,1611541330
333,Leningradskiy,69.3833,178.4167,-27.19,84,0,1.97,RU,1611541331
334,Yambio,4.5721,28.3955,24.86,46,100,1.29,SS,1611541332
335,Caucayá,-0.1934,-74.7819,22.31,96,91,1.03,CO,1611541333
336,Soyo,-6.1349,12.3689,25.87,84,100,3.79,AO,1611540919
337,Evensk,61.95,159.2333,-26.62,79,69,5.88,RU,1611541335
338,San Fernando del Valle de Catamarca,-28.4696,-65.7852,20.0,81,1,6.53,AR,1611541336
339,Vila Franca do Campo,37.7167,-25.4333,17.78,94,75,9.26,PT,1611541338
340,Peniche,39.3558,-9.3811,15.0,88,89,7.15,PT,1611541339
341,Cidreira,-30.1811,-50.2056,24.36,83,56,6.28,BR,1611540892
342,Hambantota,6.1241,81.1185,22.0,100,20,2.57,LK,1611541342
343,Mizdah,31.4451,12.9801,10.39,49,18,4.74,LY,1611541343
344,Chicama,-7.8447,-79.1469,22.83,72,99,1.9,PE,1611541344
345,Pedernales,18.0384,-71.744,24.54,66,59,0.25,DO,1611541346
346,Sioux Lookout,50.1001,-91.917,-19.0,78,90,5.66,CA,1611541347
347,Banjar,-8.19,114.9675,25.0,100,75,0.51,ID,1611541348
348,Ginir,7.1333,40.7,12.71,51,2,1.38,ET,1611541349
349,Aktau,43.65,51.2,-3.0,86,0,7.0,KZ,1611541350
350,Kattivākkam,13.2167,80.3167,23.0,94,40,1.03,IN,1611541352
351,Natal,-5.795,-35.2094,24.0,94,40,4.12,BR,1611541324
352,Ambovombe,-25.1667,46.0833,24.6,91,7,4.11,MG,1611541354
353,Sistranda,63.7256,8.834,-1.0,80,0,7.2,NO,1611541355
354,Lüderitz,-26.6481,15.1594,19.64,60,83,10.6,NA,1611541356
355,Hearst,49.6835,-83.6665,-11.0,85,98,2.57,CA,1611541358
356,Kamaishi,39.2667,141.8833,0.0,69,0,1.54,JP,1611541359
357,Aktash,50.3,87.7333,-31.54,83,60,1.61,RU,1611541360
358,Cabo Rojo,18.0866,-67.1457,24.44,87,75,5.73,PR,1611541361
359,Bagdarin,54.4333,113.6,-18.89,88,100,2.55,RU,1611541362
360,Tautira,-17.7333,-149.15,30.0,62,20,10.29,PF,1611541363
361,Oranjemund,-28.55,16.4333,16.0,91,11,3.56,NA,1611541365
362,Babstovo,48.1167,132.4833,-15.86,79,57,0.88,RU,1611541366
363,Fortuna,40.5982,-124.1573,5.56,100,90,3.6,US,1611541367
364,Vao,-22.6667,167.4833,24.28,76,100,10.83,NC,1611541368
365,Ilesha,7.1371,5.2583,21.19,71,100,1.08,NG,1611541370
366,Nador,35.174,-2.9287,17.0,72,0,4.63,MA,1611541371
367,Agüimes,27.9054,-15.4461,17.0,82,0,4.12,ES,1611541372
368,Saskylakh,71.9167,114.0833,-39.46,78,1,2.98,RU,1611541373
369,Provideniya,64.3833,-173.3,-14.0,66,0,4.0,RU,1611540805
370,Alice Town,25.7167,-79.3,23.21,72,20,4.09,BS,1611541375
371,Oktyabr'skiy,54.4815,53.471,-1.91,98,100,6.33,RU,1611541206
372,Iqaluit,63.7506,-68.5145,-19.0,78,1,2.64,CA,1611541378
373,Río Gallegos,-51.6226,-69.2181,11.0,43,40,6.17,AR,1611541379
374,De Aar,-30.6497,24.0123,16.5,66,29,8.01,ZA,1611541380
375,Grindavik,63.8424,-22.4338,-2.0,50,90,7.2,IS,1611541381
376,Isla Mujeres,21.2311,-86.731,26.0,78,75,3.09,MX,1611541382
377,Tura,25.5198,90.2201,16.74,57,0,0.76,IN,1611541384
378,Kautokeino,69.0125,23.0412,-22.25,90,100,0.29,NO,1611541385
379,Plettenberg Bay,-34.0527,23.3716,16.66,81,3,4.5,ZA,1611541386
380,Barra de Tecoanapa,16.5167,-98.75,25.42,79,91,2.45,MX,1611541388
381,Marawi,7.9986,124.2928,27.78,80,0,1.79,PH,1611541389
382,Oranzherei,45.8476,47.5663,1.0,80,75,5.0,RU,1611541390
383,Kaeo,-35.1,173.7833,29.44,51,0,5.36,NZ,1611541391
384,Nawanshahr,31.1167,76.1333,8.11,85,0,1.58,IN,1611541393
385,Tucumã,-0.1833,-50.05,24.78,91,99,2.85,BR,1611541394
386,Gemena,3.25,19.7667,22.4,41,85,1.22,CD,1611541395
387,Sola,-13.8833,167.55,27.51,82,97,7.42,VU,1611541396
388,Nuuk,64.1835,-51.7216,-7.0,68,20,2.57,GL,1611541397
389,Taos,36.4072,-105.5731,-0.56,100,90,7.72,US,1611541398
390,Qaryat Sulūq,31.6682,20.2521,12.66,75,0,2.39,LY,1611541400
391,Uglezavodsk,47.3167,142.6167,-11.0,67,40,7.0,RU,1611541401
392,Pesochenskiy,54.1733,36.1094,3.0,70,100,5.0,RU,1611541402
393,Severo-Kuril'sk,50.6789,156.125,-7.01,92,99,9.58,RU,1611541403
394,Nurota,40.5614,65.6886,-1.0,64,100,7.2,UZ,1611541404
395,Boden,65.8252,21.6886,-13.0,85,90,3.09,SE,1611541405
396,Deputatsky,69.3,139.9,-38.44,81,100,1.98,RU,1611541407
397,Oudtshoorn,-33.5907,22.2014,15.0,82,0,6.17,ZA,1611541408
398,Berlevåg,70.8578,29.0864,-5.21,96,100,7.19,NO,1611541375
399,Udachny,66.4167,112.4,-39.74,79,7,1.24,RU,1611541410
400,Ponta do Sol,32.6667,-17.1,13.89,72,4,0.45,PT,1611540867
401,Saint-Pierre,-21.3393,55.4781,25.0,78,0,1.54,RE,1611541412
402,Half Moon Bay,37.4636,-122.4286,9.44,87,90,10.8,US,1611541384
403,São Gabriel da Cachoeira,-0.1303,-67.0892,21.27,99,72,0.48,BR,1611541415
404,Kyra,49.5776,111.9753,-12.48,91,100,0.85,RU,1611541416
405,Hamilton,39.1834,-84.5333,1.0,93,90,1.3,US,1611540995
406,Saurimo,-9.6608,20.3916,17.43,94,100,1.29,AO,1611541419
407,Ust'-Kut,56.7938,105.7672,-23.49,86,100,0.43,RU,1611541420
408,Camacha,33.0833,-16.3333,16.0,88,20,1.43,PT,1611541421
409,Chifeng,42.2683,118.9636,-10.7,95,100,1.61,CN,1611541422
410,Lubao,14.9167,120.55,30.0,65,75,3.09,PH,1611541423
411,Nanortalik,60.1432,-45.2371,-5.85,88,0,5.23,GL,1611541424
412,Walvis Bay,-22.9575,14.5053,21.11,94,39,3.09,NA,1611540918
413,Härnösand,62.6323,17.9379,-2.0,86,90,2.06,SE,1611541427
414,Coquimbo,-29.9533,-71.3436,18.0,82,0,2.06,CL,1611540845
415,Samarai,-10.6167,150.6667,28.25,71,99,1.34,PG,1611541429
416,Ellwangen,48.9616,10.1317,-3.89,88,100,2.46,DE,1611541430
417,Oranjestad,12.524,-70.027,26.0,73,20,7.2,AW,1611541417
418,Ulaanbaatar,47.9077,106.8832,-18.0,78,40,2.0,MN,1611541179
419,Marzuq,14.4,46.4667,10.09,43,0,1.08,YE,1611541360
420,San Policarpo,12.1791,125.5072,27.75,79,62,4.2,PH,1611541435
421,Koumac,-20.5667,164.2833,28.95,68,87,3.34,NC,1611541370
422,Ambilobe,-13.2,49.05,22.28,93,16,0.91,MG,1611541334
423,Port Augusta,-32.5,137.7667,33.89,54,90,6.69,AU,1611540882
424,Sobolevo,54.4299,31.8996,2.02,97,100,6.64,RU,1611541439
425,Verāval,20.9,70.3667,19.17,27,0,5.07,IN,1611541440
426,Shache,38.4167,77.2406,-8.81,81,0,0.87,CN,1611541442
427,Gijón,43.5357,-5.6615,11.11,93,75,1.54,ES,1611541335
428,Ovsyanka,55.9575,92.5519,-29.0,63,0,6.0,RU,1611541444
429,Namwala,-15.7504,26.4384,18.48,97,100,1.38,ZM,1611541445
430,Eyl,7.9803,49.8164,22.15,68,61,6.44,SO,1611541446
431,Te Anau,-45.4167,167.7167,17.46,65,100,3.63,NZ,1611541447
432,Zuwārah,32.9312,12.082,14.82,68,26,3.54,LY,1611541448
433,Liku,-0.7275,119.8922,26.13,74,100,0.9,ID,1611541450
434,Fallon,39.4735,-118.7774,2.22,75,75,1.54,US,1611541451
435,Verkhnyaya Toyma,62.2349,44.9985,1.01,96,100,3.14,RU,1611541452
436,Broome,42.2506,-75.833,-8.89,79,1,1.1,US,1611541453
437,Sulangan,11.1373,123.7228,26.37,76,84,4.26,PH,1611541454
438,Khartoum,15.5518,32.5324,22.22,37,0,4.12,SD,1611541455
439,Honolulu,21.3069,-157.8583,29.0,51,75,6.17,US,1611541364
440,Korla,41.7597,86.1469,-7.95,85,4,0.61,CN,1611541216
441,Urubichá,-15.3833,-62.95,22.05,99,100,1.04,BO,1611541458
442,Guymon,36.6828,-101.4816,3.0,70,90,3.6,US,1611541460
443,Aasiaat,68.7098,-52.8699,-13.76,81,0,1.72,GL,1611541461
444,Baker City,44.7749,-117.8344,-1.0,64,75,4.63,US,1611541462
445,Opuwo,-18.0607,13.84,19.32,74,99,2.03,NA,1611541463
446,Tazovsky,67.4667,78.7,-39.54,77,0,2.18,RU,1611541393
447,Penzance,50.1186,-5.5371,2.0,80,15,2.06,GB,1611541465
448,Alpena,45.0617,-83.4327,-2.22,86,90,3.09,US,1611541467
449,Crib Point,-38.35,145.2,39.44,20,83,4.02,AU,1611541468
450,Esperance,-33.8667,121.9,22.0,56,75,5.14,AU,1611541418
451,Port Hawkesbury,45.6169,-61.3485,-3.33,74,90,3.6,CA,1611541427
452,Van,38.4924,43.3831,-9.0,79,40,1.03,TR,1611541206
453,Blyznyuky,48.8578,36.5551,1.29,92,100,6.84,UA,1611541449
454,Padalarang,-6.8378,107.4728,25.71,64,90,1.28,ID,1611541195
455,Olafsvik,64.8945,-23.7142,-1.88,92,70,13.01,IS,1611541475
456,‘Ewa Beach,21.3156,-158.0072,29.0,57,1,4.12,US,1611541476
457,Wuhu,31.3366,118.3755,10.0,93,90,4.0,CN,1611541477
458,Pangai,-19.8,-174.35,25.0,94,90,3.6,TO,1611541478
459,Švenčionys,55.15,26.1667,1.87,96,100,4.85,LT,1611541479
460,Fayaoué,-20.65,166.5333,26.55,77,84,10.46,NC,1611541480
461,Karpogory,64.0019,44.4451,1.53,99,100,3.22,RU,1611541481
462,Praia,14.9215,-23.5087,19.0,77,0,5.14,CV,1611541482
463,Siedlce,52.1677,22.2901,-1.11,92,100,2.63,PL,1611541484
464,Belz,47.6751,-3.168,6.67,28,53,7.02,FR,1611541485
465,Bhakkar,31.6253,71.0657,6.04,50,0,1.19,PK,1611541486
466,Tiznit Province,29.5833,-9.5,12.68,73,0,1.07,MA,1611541487
467,Baruun-Urt,46.6806,113.2792,-8.67,96,100,8.1,MN,1611541488
468,Neuquén,-38.9516,-68.0591,30.0,20,0,6.17,AR,1611541220
469,Fairbanks,64.8378,-147.7164,-12.22,92,90,0.59,US,1611541491
470,Sacama,-3.9,-79.2667,8.66,100,99,1.59,EC,1611541492
471,Kaifeng,34.7911,114.3483,4.0,87,82,2.0,CN,1611541493
472,Arlit,18.7369,7.3853,14.42,26,0,2.86,NE,1611541494
473,Champagnole,46.7445,5.9135,0.56,91,100,2.68,FR,1611541495
474,Yangi Marg`ilon,40.4272,71.7189,-6.0,73,31,2.06,UZ,1611541496
475,Taree,-31.9,152.4667,30.0,51,26,2.53,AU,1611541497
476,Moose Factory,51.2585,-80.6094,-19.0,71,90,1.54,CA,1611541499
477,Itumbiara,-18.4192,-49.2153,22.65,66,10,2.62,BR,1611541500
478,Kutum,14.2,24.6667,13.36,36,2,3.17,SD,1611541405
479,Lakhdenpokh'ya,61.5198,30.1992,0.56,97,100,4.78,RU,1611541505
480,Maţāy,28.419,30.7792,8.16,78,0,3.68,EG,1611541506
481,Porto Santo,33.072,-16.3415,16.0,88,20,3.01,PT,1611541507
482,Ahipara,-35.1667,173.1667,22.73,73,15,4.92,NZ,1611541508
483,Kjøllefjord,70.9457,27.3465,-6.86,95,100,4.41,NO,1611541509
484,Isangel,-19.55,169.2667,27.0,94,90,2.57,VU,1611541511
485,Gumdag,39.2061,54.5906,0.17,87,0,7.59,TM,1611541512
486,Swan Hill,-35.3378,143.5544,39.48,14,79,11.13,AU,1611541403
487,Victor Harbor,-35.5667,138.6167,33.33,52,82,3.28,AU,1611541514
488,Omutninsk,58.67,52.1932,1.62,97,100,2.95,RU,1611541515
489,Okhotsk,59.3833,143.3,-29.35,77,0,9.03,RU,1611541516
490,Belyy Yar,53.6039,91.3903,-21.0,71,0,2.0,RU,1611541517
491,Mayahi,13.9553,7.6712,16.54,23,74,5.57,NE,1611541518
492,Mabaruma,8.2,-59.7833,22.77,97,84,1.49,GY,1611541520
493,Naze,28.3667,129.4833,21.0,73,75,6.17,JP,1611541521
494,Narrabri,-30.3167,149.7833,32.0,31,40,5.14,AU,1611541522
495,Rena,61.1348,11.3641,-10.71,92,87,2.08,NO,1611541523
496,Sarh,9.1429,18.3923,20.0,49,0,2.42,TD,1611541524
497,Gisborne,-38.6533,178.0042,25.0,50,0,1.79,NZ,1611541525
498,Fort Nelson,58.8053,-122.7002,-17.0,66,90,0.44,CA,1611541526
499,Salalah,17.0151,54.0924,20.0,42,0,2.06,OM,1611541527
500,Erzin,36.9559,36.2,4.0,86,0,2.06,TR,1611541529
501,Yuanping,38.7153,112.7575,-0.49,93,84,0.2,CN,1611541530
502,Lakatoro,-16.0999,167.4164,26.31,84,100,1.8,VU,1611541531
503,San Cristobal,7.7669,-72.225,18.96,86,73,0.52,VE,1611541387
504,Banda Aceh,5.5577,95.3222,26.71,77,72,4.39,ID,1611541503
505,Betsiamites,48.9413,-68.646,0.0,64,1,4.12,CA,1611541534
506,Tapejara,-28.0681,-52.0139,18.42,94,57,1.12,BR,1611541535
507,Øksfjord,70.2396,22.3479,-9.0,67,90,2.57,NO,1611541537
508,Benguela,-12.5763,13.4055,23.01,78,9,1.43,AO,1611541538
509,Shingū,33.7333,135.9833,13.0,58,40,2.06,JP,1611541539
510,Opoczno,51.3757,20.2783,-1.11,10,100,2.17,PL,1611541540
511,Kirakira,-10.4544,161.9205,28.81,69,100,4.64,SB,1611541541
512,Moses Lake,47.1301,-119.2781,1.0,80,90,1.54,US,1611541542
513,Mosjøen,65.836,13.1908,1.0,86,90,4.63,NO,1611541543
514,Makīnsk,52.6292,70.4169,-16.9,93,100,6.64,KZ,1611541504
515,Kashgar,39.4547,75.9797,-6.0,63,0,2.0,CN,1611541546
516,Port Hardy,50.6996,-127.4199,5.0,93,75,3.6,CA,1611541357
517,Nago,26.5881,127.9761,22.0,73,1,6.17,JP,1611541274
518,Leshan,29.5623,103.7639,11.04,60,96,2.93,CN,1611541549
519,Dauphin,51.1494,-100.0502,-30.0,76,1,2.06,CA,1611541550
520,Georgiyevka,43.0369,74.7114,-16.0,85,42,2.0,KZ,1611541552
521,Sibu,2.3,111.8167,28.0,78,40,2.57,MY,1611541553
522,Makakilo City,21.3469,-158.0858,29.0,57,1,4.12,US,1611541554
523,Noyabrsk,63.1994,75.4507,-40.51,79,100,3.47,RU,1611541555
524,Pandan,14.0453,124.1694,27.8,73,10,2.29,PH,1611541556
525,Arroio Grande,-32.2375,-53.0869,20.7,93,0,1.14,BR,1611541557
526,Nyurba,63.2842,118.3319,-44.54,75,29,1.59,RU,1611541559
527,Praia,14.9215,-23.5087,19.0,77,0,5.14,CV,1611541560
528,Tegul'det,57.3064,88.1667,-42.15,79,90,2.07,RU,1611541561
529,Nizwá,22.9333,57.5333,12.11,64,0,0.58,OM,1611541562
530,Berbera,10.4396,45.0143,22.03,72,91,3.37,SO,1611541361
531,Takoradze,4.8845,-1.7554,25.38,85,7,2.78,GH,1611541564
532,Canguaretama,-6.38,-35.1289,25.0,88,75,3.6,BR,1611541565
533,Abalak,58.1286,68.5944,-26.27,89,100,3.23,RU,1611541566
534,College,64.8569,-147.8028,-12.22,78,90,0.6,US,1611541369
535,Steenwijk,52.7875,6.1208,-1.11,98,100,1.15,NL,1611541513
536,Praia da Vitória,38.7333,-27.0667,19.0,94,75,12.11,PT,1611541570
537,Cabadiangan,9.7531,122.4739,29.11,64,0,4.29,PH,1611541571
538,Sanming,26.2486,117.6186,18.94,56,2,0.5,CN,1611541572
539,Inhambane,-23.865,35.3833,26.74,89,100,4.04,MZ,1611541573
540,Nushki,29.5542,66.0215,1.01,67,0,0.35,PK,1611541574
541,Kofelē,7.0667,38.7833,8.6,59,91,3.73,ET,1611541389
542,La Rioja,42.25,-2.5,9.0,76,75,4.12,ES,1611541577
543,Khor,47.8861,134.9464,-16.78,88,9,0.52,RU,1611541578
544,Liancheng,24.0519,105.075,15.29,72,30,0.69,CN,1611541579
545,Farmington,36.7281,-108.2187,0.0,93,90,4.12,US,1611541472
546,Hobyo,5.3505,48.5268,24.99,67,100,8.82,SO,1611541581
547,Malešići,44.7381,18.2739,0.56,100,75,5.14,BA,1611541582
548,Pangnirtung,66.1451,-65.7125,-9.8,79,0,2.0,CA,1611541583
549,Revda,56.801,59.9303,-15.0,85,75,2.0,RU,1611541585
550,Ust'-Tarka,55.5672,75.705,-32.3,85,100,3.78,RU,1611541586
551,Klichka,50.4457,117.996,-18.77,92,100,4.79,RU,1611541587
552,Jining,35.405,116.5814,4.8,80,100,2.45,CN,1611541588
553,Palmer,42.1584,-72.3287,-6.11,49,75,4.12,US,1611541589
554,Santhià,45.3663,8.1726,4.44,75,96,0.89,IT,1611541590
555,Hokitika,-42.7167,170.9667,17.72,71,100,2.97,NZ,1611541591
556,Ixtapa,20.7,-105.2,22.0,83,75,3.09,MX,1611541373
557,Zhaoqing,23.0512,112.4597,20.56,99,98,3.19,CN,1611541594
558,Santa Isabel Rio Negro,-0.4139,-65.0192,22.8,91,98,0.35,BR,1611541595
559,Wangqing,43.3218,129.7634,-1.78,89,0,0.47,CN,1611541596
560,San Andrés,12.5847,-81.7006,27.0,78,20,6.17,CO,1611541404
561,Kuchera,26.9839,73.9719,7.76,51,0,1.93,IN,1611541598
562,Māngrol,21.1167,70.1167,16.26,32,0,4.91,IN,1611541599
563,North Platte,41.1239,-100.7654,-3.0,74,90,2.57,US,1611541495
